{"cameraMode":{"drawMode":0,"name":"Shaded","section":"Shading Mode"},"sceneLighting":true,"audioPlay":false,"sceneViewState":{"m_AlwaysRefresh":false,"showFog":true,"showSkybox":true,"showFlares":true,"showImageEffects":true,"showParticleSystems":true,"showVisualEffectGraphs":true,"m_FxEnabled":true},"in2DMode":false,"pivot":{"x":-26.36029052734375,"y":3.5895001888275148,"z":12.415712356567383},"rotation":{"x":0.5314275026321411,"y":0.12503781914710999,"z":-0.07967235147953034,"w":0.8340314626693726},"size":18.217172622680665,"orthographic":false}