{"cameraMode":{"drawMode":0,"name":"Shaded","section":"Shading Mode"},"sceneLighting":false,"audioPlay":false,"sceneViewState":{"m_AlwaysRefresh":false,"showFog":true,"showSkybox":false,"showFlares":true,"showImageEffects":true,"showParticleSystems":true,"showVisualEffectGraphs":true,"m_FxEnabled":true},"in2DMode":false,"pivot":{"x":-0.25495123863220217,"y":0.0606413260102272,"z":-4.918783187866211},"rotation":{"x":0.07950456440448761,"y":-0.1412552446126938,"z":0.011359652504324913,"w":0.9867284297943115},"size":0.36406582593917849,"orthographic":false}